"rowname","onset","year","id_cells","offset","duration"
"1970.679",139.611699952945,1970,679,258.671669299261,119.059969346316
"1972.679",139.820331076496,1972,679,256.415133447275,116.594802370779
